age,income,website_time,pages_visited,previous_purchases,discount,device,gender,purchased
56,27024096,13.8,10,2,1,Desktop,Male,1
46,39958762,1.5,7,1,0,Mobile,Female,0
32,22028708,16.2,3,0,0,Tablet,Male,1
60,9035851,18.6,4,6,1,Desktop,Male,1
25,39045504,14.9,5,6,1,Mobile,Male,1
38,39641312,17.1,6,3,0,Desktop,Male,1
56,20287338,18.4,7,3,1,Mobile,Male,1
36,40610155,3.1,11,2,1,Mobile,Male,0
40,40803420,3.7,3,0,0,Desktop,Female,1
28,34469068,11.0,6,1,1,Desktop,Female,1
28,35185054,24.8,6,1,0,Mobile,Male,1
41,14702701,4.8,5,0,1,Mobile,Male,0
53,16153281,9.9,8,4,0,Desktop,Male,1
57,38127676,12.5,12,3,1,Desktop,Male,1
41,7976242,7.0,7,3,0,Desktop,Female,1
20,43134513,13.5,6,1,1,Desktop,Male,1
39,41203222,24.0,2,2,1,Mobile,Male,1
19,42317456,10.8,5,2,0,Desktop,Male,1
41,32812615,8.8,5,1,1,Mobile,Male,1
61,49653148,6.8,9,2,1,Mobile,Male,1
47,9833177,9.6,4,0,0,Mobile,Female,1
55,46827273,5.4,9,1,1,Mobile,Male,1
19,37843353,6.0,8,0,0,Mobile,Male,1
38,13454561,8.6,4,1,1,Desktop,Female,1
50,7597480,1.7,6,3,1,Mobile,Female,1
29,42752003,3.6,4,2,1,Mobile,Female,0
39,28151417,8.8,7,3,0,Desktop,Female,1
61,44673332,6.6,5,2,1,Mobile,Male,1
42,24699313,5.0,7,1,1,Mobile,Female,0
44,21934380,14.1,8,3,1,Mobile,Female,1
59,15617244,12.8,4,1,1,Tablet,Male,0
45,39086263,2.8,4,2,1,Mobile,Female,1
33,7989475,22.1,6,3,0,Mobile,Female,1
32,33372244,7.8,2,2,0,Mobile,Male,1
64,8369720,14.5,7,1,0,Mobile,Male,1
61,9711075,9.5,5,4,0,Mobile,Male,0
20,28899529,61.7,4,1,0,Mobile,Male,1
54,11854500,15.0,6,2,0,Mobile,Male,0
24,7640328,13.3,8,0,0,Tablet,Female,1
38,30856919,16.1,8,0,0,Mobile,Female,1
26,47776767,2.5,6,1,0,Mobile,Male,1
56,31328752,3.3,10,3,0,Mobile,Female,1
35,32348975,13.5,8,1,0,Mobile,Male,0
21,16552291,7.8,3,1,1,Desktop,Male,0
42,5070640,15.1,11,0,1,Mobile,Female,1
31,15389599,2.1,5,2,0,Mobile,Female,0
26,38249942,8.7,8,1,1,Desktop,Female,0
43,43149309,5.8,6,2,0,Mobile,Female,0
19,23132747,7.1,8,1,0,Mobile,Female,0
37,35575984,10.3,9,1,0,Mobile,Female,1
45,39229942,8.0,6,4,1,Mobile,Male,1
64,8741196,8.8,5,2,1,Mobile,Female,1
24,28767318,7.7,7,0,0,Mobile,Other,1
61,24511512,6.3,11,1,0,Mobile,Female,1
25,21583522,15.8,5,2,1,Desktop,Male,1
64,45260456,1.1,5,4,0,Mobile,Female,1
52,16720477,10.1,4,1,0,Mobile,Female,1
31,18217648,9.3,6,0,1,Mobile,Male,0
34,27558781,13.6,3,3,1,Mobile,Other,1
53,37425301,10.1,9,1,1,Mobile,Male,1
57,8264908,18.5,7,5,1,Desktop,Male,1
21,26037754,33.0,7,2,0,Desktop,Female,1
19,31778642,5.2,5,6,0,Tablet,Male,0
23,33391011,3.6,7,0,1,Desktop,Male,1
59,28263676,6.5,4,2,0,Mobile,Female,1
21,19573458,4.4,5,1,1,Mobile,Female,1
46,34264326,10.5,5,2,1,Mobile,Male,1
35,20787803,25.3,6,0,1,Mobile,Other,1
43,26023454,2.5,3,2,0,Desktop,Female,1
61,42154297,2.1,4,2,1,Mobile,Female,1
51,34365614,4.0,8,1,1,Desktop,Female,0
27,27159503,13.9,9,3,1,Mobile,Female,1
53,42327243,10.0,6,1,0,Desktop,Male,0
31,7317336,2.1,2,0,0,Desktop,Male,0
48,34326259,26.1,8,1,0,Desktop,Female,1
32,7763642,16.6,8,1,0,Desktop,Female,0
25,46244116,1.2,4,2,0,Mobile,Male,0
31,15198499,11.5,8,3,1,Desktop,Female,1
40,42342772,15.8,3,5,1,Tablet,Female,1
57,49362902,5.7,5,1,0,Desktop,Male,1
38,5197775,1.7,6,2,1,Desktop,Male,0
33,40940920,1.8,7,3,0,Desktop,Male,1
62,22564710,2.1,4,3,1,Desktop,Female,1
35,43887092,19.4,9,3,1,Mobile,Male,1
64,48144233,25.2,5,0,1,Desktop,Male,1
41,28614649,2.3,8,3,1,Mobile,Female,1
43,16398366,3.7,3,3,0,Mobile,Female,1
42,43638201,2.8,6,2,0,Mobile,Male,0
62,22310852,3.1,8,4,1,Mobile,Male,1
58,16426978,19.2,6,2,1,Mobile,Female,1
46,35773482,5.0,4,1,0,Mobile,Female,0
32,16624266,4.7,8,0,0,Mobile,Female,0
62,38036945,3.6,5,2,1,Mobile,Female,1
18,15164811,10.4,5,0,0,Mobile,Male,1
42,7276360,5.8,4,3,1,Desktop,Male,0
24,42962681,14.6,9,1,1,Tablet,Male,1
26,42980651,3.3,6,0,0,Desktop,Male,0
41,37185232,16.5,4,2,0,Tablet,Female,0
18,36665404,10.3,6,0,1,Desktop,Male,0
61,49477669,2.2,4,1,1,Mobile,Male,1
25,30691654,6.4,5,1,1,Desktop,Other,1
41,23109613,20.9,3,2,0,Desktop,Male,1
28,21434343,26.6,5,1,0,Mobile,Male,1
34,49079273,7.3,4,0,1,Mobile,Male,0
25,30884040,7.6,8,1,1,Desktop,Female,1
52,45201137,26.1,5,0,0,Mobile,Female,1
52,10462810,9.8,6,2,1,Desktop,Male,1
50,18388409,1.3,5,2,0,Mobile,Female,1
22,30683137,25.4,6,1,0,Mobile,Female,1
59,18846020,3.9,5,2,0,Mobile,Female,0
56,33830884,9.6,7,3,0,Mobile,Female,1
58,14726290,2.8,10,1,1,Mobile,Female,0
45,18659783,1.3,4,2,1,Desktop,Female,0
24,21164204,4.7,9,3,1,Desktop,Male,1
26,28020885,16.2,6,2,1,Desktop,Male,1
25,6286643,4.3,2,3,0,Mobile,Male,0
29,14922192,3.5,4,2,0,Desktop,Female,0
51,46869822,3.4,6,2,0,Mobile,Female,0
50,11200646,8.2,5,1,0,Mobile,Female,0
40,11983896,38.1,7,6,1,Mobile,Male,1
41,19509187,7.1,6,2,1,Mobile,Female,1
54,32780899,9.1,6,2,1,Mobile,Female,1
52,10409861,20.7,5,1,0,Mobile,Female,1
61,26716219,8.7,10,1,0,Desktop,Female,1
57,28088542,3.0,7,1,1,Desktop,Female,0
39,17831595,4.6,8,2,0,Mobile,Female,1
44,13415398,4.7,4,5,1,Mobile,Female,0
52,15080346,6.1,3,2,1,Mobile,Female,0
18,5448345,6.6,4,1,0,Mobile,Male,0
52,14137682,17.1,3,1,1,Desktop,Male,1
54,12827494,5.3,8,2,1,Mobile,Female,0
64,40433922,7.3,3,3,0,Desktop,Male,0
31,20814828,10.8,6,1,1,Desktop,Other,1
20,43538877,5.7,6,2,0,Mobile,Male,1
18,45494137,19.1,8,5,0,Tablet,Female,1
22,33341907,9.9,6,1,1,Mobile,Male,1
43,45557019,4.5,7,2,1,Mobile,Male,1
31,11742471,13.5,8,4,0,Mobile,Female,1
56,40009340,8.5,4,4,0,Mobile,Male,0
44,49196734,8.6,7,3,1,Mobile,Male,1
26,41873576,7.6,9,2,1,Mobile,Male,1
32,47248102,7.9,4,2,1,Desktop,Female,0
32,44360898,15.5,7,1,0,Desktop,Male,1
43,27521804,2.1,6,1,1,Desktop,Female,1
59,18449563,5.1,4,1,0,Mobile,Female,1
30,43858941,1.8,5,3,1,Desktop,Female,1
49,46222648,15.0,7,4,0,Desktop,Female,1
56,43503931,4.2,7,0,1,Desktop,Female,1
49,24164528,23.8,8,3,0,Desktop,Male,1
21,25471192,8.5,7,3,1,Desktop,Female,1
47,44617335,17.1,6,2,0,Mobile,Male,1
54,25812709,39.6,3,3,0,Desktop,Female,0
40,48368581,19.3,6,5,1,Mobile,Male,1
56,27480953,21.2,10,3,1,Tablet,Female,1
62,44301804,6.2,4,1,1,Mobile,Male,0
32,9848287,9.0,10,2,0,Mobile,Male,1
60,44213228,3.9,3,0,1,Mobile,Female,0
46,48750190,3.2,2,2,1,Desktop,Female,0
53,7225300,8.0,5,3,0,Mobile,Male,0
30,16889876,10.0,4,4,0,Mobile,Female,1
49,41892874,5.1,5,0,1,Tablet,Female,1
24,17842659,9.4,6,1,1,Desktop,Other,1
39,34975778,22.8,2,1,1,Mobile,Female,1
45,38978002,9.1,4,1,1,Mobile,Male,1
19,7373139,13.8,6,0,1,Desktop,Male,1
59,37095633,17.4,4,1,0,Desktop,Female,0
62,47801198,45.9,13,2,1,Mobile,Female,1
23,23892008,10.2,3,3,1,Desktop,Male,1
45,40427853,17.4,4,4,0,Mobile,Male,1
45,11081950,33.9,5,1,1,Desktop,Female,1
61,15986868,29.9,10,4,0,Desktop,Male,1
61,45480309,2.5,6,1,1,Mobile,Male,1
37,31582901,6.2,4,2,0,Mobile,Male,1
47,44521538,4.9,4,1,0,Desktop,Male,1
28,16706838,1.9,5,2,0,Desktop,Male,0
45,43673354,11.0,5,5,1,Mobile,Female,1
42,28954761,14.3,8,2,0,Desktop,Male,1
56,21736613,19.8,7,0,1,Desktop,Male,1
50,15873803,2.3,4,2,1,Mobile,Male,1
18,37362868,21.9,7,2,1,Desktop,Male,1
44,7667867,11.3,7,2,0,Mobile,Male,1
30,31729123,13.2,5,1,1,Desktop,Female,1
58,46241273,25.1,8,5,0,Mobile,Female,1
20,28755953,10.8,5,1,1,Mobile,Male,1
56,6344027,5.1,8,1,0,Mobile,Male,0
23,9166500,18.4,4,3,1,Desktop,Male,1
25,29244264,5.5,5,4,1,Desktop,Female,1
44,47734307,1.3,8,4,1,Desktop,Female,1
26,12884479,18.8,9,0,1,Desktop,Male,1
54,5497562,5.2,3,1,0,Mobile,Female,1
50,9578238,15.9,10,2,0,Tablet,Male,1
59,25814992,5.5,7,1,1,Mobile,Female,1
61,26288948,20.7,5,1,1,Desktop,Female,1
41,10562067,3.5,8,1,0,Mobile,Female,0
32,43791628,37.7,3,5,1,Desktop,Female,1
49,27903535,16.1,3,3,1,Desktop,Male,1
49,32345820,2.2,4,4,1,Desktop,Female,1
41,40154828,9.3,6,1,0,Mobile,Female,1
58,25088365,43.2,8,1,0,Mobile,Female,1
29,48109628,7.4,5,1,0,Mobile,Male,1
56,18021573,3.0,5,1,1,Desktop,Male,0
19,49620658,7.6,6,1,1,Mobile,Female,1
20,34933823,8.2,6,2,1,Desktop,Female,0
54,18046468,14.5,5,0,1,Mobile,Female,0
34,22352494,13.0,6,2,1,Mobile,Female,1
19,24857417,6.2,7,7,1,Desktop,Female,1
19,12136029,3.5,6,2,1,Mobile,Female,1
45,33728561,11.4,8,3,0,Tablet,Female,1
40,25241658,6.5,9,1,1,Desktop,Female,1
54,41869124,2.4,5,2,1,Mobile,Male,0
49,26496823,24.1,6,2,0,Mobile,Male,1
50,11285088,12.8,7,3,0,Mobile,Female,1
18,17460255,12.5,10,1,0,Mobile,Male,1
36,8912942,18.3,7,4,1,Desktop,Female,1
19,47055856,8.5,1,3,1,Mobile,Male,1
61,12468810,17.9,5,3,1,Mobile,Male,1
43,6635156,7.9,3,7,1,Mobile,Female,1
49,30301054,1.7,7,3,0,Mobile,Female,1
23,15155224,6.2,10,5,0,Mobile,Male,1
49,10001045,7.9,1,3,0,Desktop,Female,0
21,9463418,13.7,4,2,1,Desktop,Female,1
28,33267184,2.1,1,2,0,Desktop,Female,0
34,48824588,2.5,9,1,1,Desktop,Male,1
55,9345760,4.1,3,3,1,Mobile,Female,1
41,28930984,4.1,5,0,1,Desktop,Female,0
22,41805730,14.2,5,1,0,Mobile,Male,1
51,43019582,3.9,6,1,1,Mobile,Female,1
23,38423744,11.0,5,2,1,Mobile,Female,1
39,45804335,7.8,4,2,0,Mobile,Female,1
28,27966789,9.5,3,0,1,Desktop,Female,0
33,23100699,19.2,9,3,1,Mobile,Male,1
50,6722320,6.2,5,1,0,Desktop,Male,0
26,18298372,15.7,6,0,1,Mobile,Female,1
23,34702914,6.5,6,3,0,Mobile,Female,1
33,41750772,5.4,8,2,1,Desktop,Female,0
46,35170134,32.9,6,0,0,Mobile,Female,1
20,19441444,3.0,9,3,1,Mobile,Male,1
37,36657524,1.9,6,2,0,Mobile,Male,0
53,36206052,15.7,5,1,1,Desktop,Male,0
36,35413513,1.7,7,2,1,Desktop,Male,1
43,30329097,19.1,6,2,1,Mobile,Female,1
20,17243026,6.7,2,3,1,Tablet,Male,1
36,33818516,25.7,8,5,1,Desktop,Female,1
37,13247752,13.8,5,2,0,Desktop,Male,1
49,22864557,10.4,5,0,0,Desktop,Female,1
24,11195200,30.8,5,2,1,Mobile,Female,1
58,8977266,6.1,7,0,0,Desktop,Male,1
50,44113388,31.8,7,2,0,Mobile,Male,1
57,22620739,2.5,5,3,1,Mobile,Male,1
56,47489277,7.6,6,0,0,Tablet,Female,0
35,18832640,4.1,5,2,0,Desktop,Male,0
57,35061031,8.8,5,1,1,Mobile,Female,1
18,42594911,2.8,9,2,1,Mobile,Other,1
28,5092193,19.4,5,3,1,Desktop,Female,1
45,18088862,19.7,8,4,1,Mobile,Male,1
42,22964103,32.1,8,0,1,Mobile,Female,1
40,33173862,2.7,10,0,1,Mobile,Male,1
48,25112033,10.8,7,1,0,Mobile,Male,1
47,37043445,7.4,6,1,0,Desktop,Female,1
59,33747893,5.2,11,6,1,Mobile,Female,1
52,18943554,5.3,9,3,1,Desktop,Male,1
24,24492730,6.3,6,1,1,Mobile,Male,1
33,41213003,13.2,7,3,0,Desktop,Male,1
43,21689088,10.1,2,2,0,Tablet,Female,1
19,26611573,7.2,11,1,1,Desktop,Male,1
18,49166109,1.8,11,2,0,Desktop,Other,1
29,12102173,1.8,4,3,1,Desktop,Female,1
22,43720111,1.0,7,1,0,Mobile,Female,1
54,27064334,35.3,9,6,0,Desktop,Male,1
49,19681316,1.1,2,2,1,Desktop,Female,1
26,9100673,2.1,8,0,1,Mobile,Female,0
58,40088458,4.8,7,2,0,Mobile,Female,1
52,47258866,17.5,6,3,0,Desktop,Male,1
36,38881791,33.7,6,1,1,Desktop,Male,1
33,34367077,16.6,9,3,0,Mobile,Male,1
20,11953757,12.7,3,0,1,Mobile,Female,0
37,39104654,8.4,6,1,1,Desktop,Female,0
41,37843745,1.9,6,2,0,Mobile,Female,1
50,24350835,32.7,4,1,1,Desktop,Male,1
41,7453752,15.2,6,1,0,Desktop,Male,1
28,15320855,11.2,5,3,1,Desktop,Male,1
25,23130254,15.2,4,3,0,Mobile,Male,1
53,30416699,13.9,9,1,1,Desktop,Male,1
55,9657693,11.1,5,0,0,Desktop,Female,0
57,39262121,40.4,5,2,0,Desktop,Female,1
37,17836402,24.4,3,5,1,Mobile,Female,1
52,48558992,11.4,6,0,1,Mobile,Male,1
42,32696003,12.8,7,1,1,Tablet,Male,1
52,31722441,1.5,5,2,0,Mobile,Male,0
42,25240567,12.1,5,1,1,Mobile,Female,1
46,38248585,1.5,2,3,0,Mobile,Male,0
35,19142224,9.9,4,2,0,Desktop,Female,1
63,40409403,74.4,6,2,1,Mobile,Male,1
35,21045907,9.1,5,4,0,Mobile,Female,1
19,30816023,7.4,6,4,1,Mobile,Female,0
52,40403828,4.8,8,0,1,Desktop,Male,1
33,20734209,2.3,9,3,1,Mobile,Female,1
58,7691276,14.1,5,3,1,Mobile,Male,1
53,30794685,3.1,7,1,1,Mobile,Female,1
50,41081386,2.2,3,4,0,Desktop,Male,1
21,11549546,6.5,8,3,1,Mobile,Male,1
50,29784623,16.9,4,1,0,Mobile,Female,0
31,30827438,14.7,10,1,0,Mobile,Female,1
38,21663288,1.6,4,1,1,Tablet,Male,1
37,35039702,7.1,6,1,1,Desktop,Female,0
25,18081782,8.4,4,1,1,Tablet,Male,0
24,33523343,11.3,8,1,0,Desktop,Male,1
20,46555914,11.5,4,1,1,Mobile,Female,1
34,48669391,5.5,7,6,0,Desktop,Male,1
50,6072647,9.2,7,2,1,Mobile,Male,1
29,40185539,7.6,4,0,1,Mobile,Female,1
39,47971495,22.6,3,2,1,Mobile,Male,1
39,43660995,8.6,5,1,0,Mobile,Female,0
63,13234679,6.8,9,2,0,Desktop,Male,1
47,28240984,6.2,6,3,0,Mobile,Male,0
55,31471618,9.5,11,2,1,Desktop,Male,1
55,27383810,17.3,5,1,1,Mobile,Female,1
62,23727583,8.7,2,4,0,Mobile,Female,0
25,6910705,11.8,5,2,1,Desktop,Male,1
44,40156028,14.4,8,5,1,Desktop,Male,1
44,25568697,8.3,8,0,1,Desktop,Female,1
51,26900338,6.6,7,1,1,Mobile,Male,1
38,46311634,21.9,8,0,1,Mobile,Female,1
47,44902996,6.4,8,2,0,Desktop,Male,1
50,10723601,7.2,3,1,0,Desktop,Female,0
45,21618153,47.4,3,2,0,Mobile,Male,1
64,27056764,1.0,10,2,1,Tablet,Female,1
50,7382357,3.1,2,2,1,Desktop,Female,0
22,12904069,5.8,6,3,1,Desktop,Male,1
36,18630084,28.0,8,1,0,Desktop,Male,1
21,37872680,1.7,4,1,1,Desktop,Female,1
52,18781337,1.1,9,3,0,Mobile,Female,1
34,20428653,1.5,7,2,0,Mobile,Male,0
61,26023265,1.9,8,5,1,Desktop,Male,1
45,21099248,1.4,6,2,1,Mobile,Female,0
47,19677069,7.5,4,0,1,Mobile,Male,1
46,13480473,9.7,10,1,1,Mobile,Female,1
63,17433196,4.2,6,2,0,Mobile,Male,1
23,44010202,6.1,9,2,0,Desktop,Female,1
52,39626632,2.0,13,4,0,Desktop,Female,1
58,15889464,5.1,6,2,1,Mobile,Other,1
54,17457080,8.4,7,2,1,Mobile,Male,1
41,6222869,14.2,3,1,0,Desktop,Female,0
46,20608046,1.0,3,3,1,Desktop,Male,0
63,8125354,7.3,9,3,0,Tablet,Female,1
48,14818159,4.5,4,4,0,Mobile,Female,1
52,16145552,20.2,6,5,1,Mobile,Male,1
50,43337315,13.6,4,0,0,Mobile,Female,0
38,45056064,9.9,6,0,1,Tablet,Male,1
49,32453447,4.2,4,3,1,Desktop,Female,1
40,20152994,25.1,5,0,1,Desktop,Female,1
50,13083123,1.5,6,2,0,Mobile,Female,0
20,31733262,2.2,7,4,0,Desktop,Male,1
35,27937902,6.0,7,3,1,Desktop,Male,1
42,14306167,2.3,9,0,0,Mobile,Female,1
59,5635605,32.3,8,0,0,Mobile,Male,1
48,12479821,17.0,7,2,1,Mobile,Male,1
20,43138329,4.0,9,2,1,Mobile,Male,1
57,47758171,9.9,10,1,1,Mobile,Male,1
63,45968150,41.4,7,2,0,Mobile,Female,1
41,5067661,22.6,8,0,1,Mobile,Male,1
49,45414423,10.2,9,3,0,Mobile,Female,1
64,12585153,24.4,3,0,0,Mobile,Male,1
39,28335437,46.3,4,0,1,Desktop,Male,1
40,35554810,14.6,3,1,1,Mobile,Male,0
19,15466615,1.7,5,2,1,Desktop,Male,0
44,39861938,6.1,8,1,1,Mobile,Male,1
59,48914246,19.2,8,4,1,Desktop,Female,1
19,24678830,3.6,10,5,1,Mobile,Male,1
43,7966422,18.8,7,1,1,Desktop,Male,1
34,8708654,2.3,3,2,1,Mobile,Male,1
57,38672465,1.5,5,3,1,Desktop,Male,1
50,47573305,5.8,10,3,1,Mobile,Female,1
26,49653349,1.4,4,2,1,Desktop,Female,0
60,10872354,32.5,4,0,0,Mobile,Male,1
56,33084082,18.5,10,0,1,Mobile,Male,1
46,39769934,17.1,4,0,0,Mobile,Other,0
59,20540184,10.9,8,3,1,Desktop,Male,1
43,18014646,3.4,8,1,0,Tablet,Female,1
52,14810404,8.3,4,5,1,Desktop,Male,1
42,49705819,10.1,5,2,1,Mobile,Female,1
41,24096265,8.4,2,3,0,Mobile,Female,0
30,11292518,4.0,4,4,0,Desktop,Female,1
24,46142200,8.2,6,0,0,Mobile,Male,1
53,40747046,7.8,6,0,1,Desktop,Male,0
62,22547389,57.1,7,0,0,Desktop,Male,1
37,49612395,23.8,2,1,0,Desktop,Male,1
18,27419480,7.2,7,1,0,Mobile,Male,0
25,36041091,10.8,7,1,1,Mobile,Male,1
63,39021442,14.8,2,1,0,Mobile,Female,1
33,40209448,1.4,4,2,1,Desktop,Female,0
31,42775470,23.5,7,1,0,Mobile,Male,1
29,31089699,20.7,9,1,1,Mobile,Male,1
40,30153646,7.1,9,3,0,Mobile,Other,1
32,15511829,6.0,9,1,1,Mobile,Female,1
45,42435425,4.2,9,2,0,Desktop,Female,0
51,41122535,7.5,3,1,1,Desktop,Male,1
19,47024304,1.5,7,2,1,Mobile,Male,0
49,13411883,20.1,5,3,1,Mobile,Male,1
40,16082322,1.4,9,3,1,Desktop,Male,1
39,21203305,5.0,12,0,1,Mobile,Female,1
42,15848680,27.8,3,2,1,Desktop,Female,1
39,45036964,14.3,6,0,1,Desktop,Male,1
39,20922693,4.3,11,3,0,Mobile,Other,1
59,43750899,3.9,5,3,1,Mobile,Male,1
23,27730009,1.1,9,1,1,Desktop,Other,0
32,40555041,12.9,5,0,0,Mobile,Other,1
60,47855866,1.5,4,1,0,Mobile,Male,0
54,14192300,8.6,7,1,0,Mobile,Male,0
50,14549765,33.7,8,1,1,Mobile,Female,1
25,17248352,2.2,5,2,0,Desktop,Female,0
61,37359860,23.5,8,4,0,Desktop,Female,1
61,39499221,48.6,5,2,0,Desktop,Other,1
22,33272916,1.6,4,3,1,Mobile,Female,1
56,30691717,22.4,5,2,1,Mobile,Male,1
21,19752367,8.3,7,3,0,Desktop,Male,0
23,24032579,24.7,7,3,0,Mobile,Female,1
62,35354781,9.5,9,0,0,Desktop,Male,0
49,46930173,11.9,8,1,1,Mobile,Female,1
47,21514877,8.8,3,2,1,Desktop,Male,1
64,43611293,21.0,7,3,1,Mobile,Male,1
52,11436446,14.2,5,0,0,Mobile,Male,0
57,42703319,8.4,3,1,1,Mobile,Female,1
33,31372918,21.3,10,4,1,Mobile,Male,1
30,14057014,3.8,6,2,0,Mobile,Female,1
59,25446082,2.7,4,1,0,Desktop,Female,0
47,43166770,2.7,3,1,0,Desktop,Female,0
36,16242014,5.1,7,1,1,Desktop,Female,1
34,22810471,3.7,4,3,1,Tablet,Male,0
36,45636644,27.6,7,1,1,Mobile,Female,1
45,16441374,2.1,6,2,1,Mobile,Male,0
43,30706501,13.0,3,5,0,Mobile,Male,0
54,36055169,3.1,8,0,1,Desktop,Male,1
43,8094235,22.3,7,3,1,Mobile,Female,1
40,31337283,33.5,6,2,0,Desktop,Female,1
26,27763342,7.3,9,1,1,Mobile,Female,1
29,24636869,22.1,4,1,0,Desktop,Female,1
18,32132021,1.1,6,3,0,Desktop,Female,1
18,38942384,18.1,6,1,1,Mobile,Male,1
64,32375197,3.6,5,1,1,Mobile,Female,1
51,22807333,24.9,4,1,1,Desktop,Male,1
49,40912253,1.0,4,2,0,Mobile,Other,0
42,37216504,9.1,6,1,1,Mobile,Female,1
57,47468174,15.1,6,2,1,Desktop,Female,1
62,21263882,4.0,7,3,1,Mobile,Female,1
18,44138695,3.1,7,2,1,Desktop,Male,1
33,38799193,1.9,7,3,1,Desktop,Female,1
56,49914860,5.0,7,2,0,Mobile,Male,1
22,21612651,9.2,8,1,1,Mobile,Female,0
39,13386180,2.2,3,2,0,Mobile,Female,1
46,38618755,5.7,6,3,0,Desktop,Female,1
20,20296274,1.1,4,2,1,Mobile,Female,0
29,37686304,18.1,2,0,1,Desktop,Male,1
43,13040979,2.4,9,3,0,Mobile,Male,1
33,39508912,4.3,1,1,1,Mobile,Female,1
54,28458350,1.2,5,1,0,Mobile,Male,0
39,22631232,6.7,4,4,1,Mobile,Male,1
46,10347417,19.3,4,3,1,Mobile,Female,1
31,14253517,6.0,3,3,1,Mobile,Female,1
45,36699263,3.0,4,2,0,Mobile,Female,0
22,44364133,15.0,9,1,1,Mobile,Male,1
64,18371172,16.5,7,1,1,Mobile,Female,1
47,31216317,2.9,5,0,1,Desktop,Male,0
63,48548158,15.7,7,4,1,Mobile,Female,1
22,39970444,30.4,6,3,1,Mobile,Male,1
29,10752810,2.8,2,0,0,Desktop,Female,0
33,5571650,15.7,4,0,1,Mobile,Female,1
43,26253792,13.3,4,6,1,Desktop,Male,1
43,47328965,7.4,4,2,0,Mobile,Female,0
38,41418225,1.6,10,6,1,Mobile,Female,1
56,9909047,1.8,3,0,0,Desktop,Male,0
53,45435721,20.1,4,2,1,Mobile,Female,1
50,12422212,47.2,6,0,1,Desktop,Male,1
47,8757974,12.3,5,1,0,Mobile,Female,0
54,13791689,6.9,4,6,1,Desktop,Female,1
40,28988395,11.4,4,1,0,Desktop,Male,1
27,47321932,10.0,1,2,0,Mobile,Female,0
22,46846355,5.8,3,1,0,Desktop,Male,0
53,24931456,1.7,8,1,1,Mobile,Male,1
51,46350756,18.2,5,4,0,Desktop,Other,1
48,16643208,5.6,4,5,1,Mobile,Female,0
27,48928336,18.1,12,3,1,Desktop,Male,1
36,36443720,3.9,3,1,0,Mobile,Male,0
49,13112074,1.0,7,2,1,Mobile,Male,0
18,23967438,2.7,12,3,1,Desktop,Other,1
22,17138391,7.3,4,3,1,Desktop,Male,1
62,29012790,29.9,6,3,0,Mobile,Male,1
21,26982813,2.1,7,3,0,Mobile,Female,0
33,37874288,20.3,5,2,0,Mobile,Male,0
41,34967940,8.5,4,3,0,Mobile,Male,0
33,15713405,18.5,11,5,0,Mobile,Male,1
19,14742257,4.5,3,0,0,Desktop,Male,0
45,33151242,19.3,5,1,0,Mobile,Male,1
49,8609736,15.8,8,3,0,Desktop,Female,1
44,13060833,3.6,7,1,0,Desktop,Male,0
37,45192587,2.4,8,0,0,Mobile,Female,0
41,23161634,21.3,6,1,1,Mobile,Female,1
29,22163810,34.0,8,3,0,Mobile,Female,1
52,24646976,1.3,2,3,1,Mobile,Female,1
50,33972327,14.1,7,3,0,Desktop,Male,1
